{
    "1": {
        "position": {
            "x": -0.17795159190903015,
            "y": 0.07851512724626974
        }
    },
    "2": {
        "position": {
            "x": -0.19916682094066507,
            "y": 0.08345321365984269
        }
    },
    "3": {
        "position": {
            "x": -0.22374911386433907,
            "y": 0.08784273590743343
        }
    },
    "4": {
        "position": {
            "x": -0.2468860541553133,
            "y": 0.09102786910079719
        }
    },
    "5": {
        "position": {
            "x": -0.2673643669131676,
            "y": 0.09858038627561971
        }
    },
    "6": {
        "position": {
            "x": -0.28954309060508143,
            "y": 0.1122159034331324
        }
    },
    "7": {
        "position": {
            "x": -0.32007145889274785,
            "y": 0.1323216455595719
        }
    },
    "8": {
        "position": {
            "x": -0.36071702201212513,
            "y": 0.15556553685246566
        }
    },
    "9": {
        "position": {
            "x": -0.41193046812608397,
            "y": 0.18177932375451686
        }
    },
    "10": {
        "position": {
            "x": -0.467692909435976,
            "y": 0.20765742852623037
        }
    },
    "11": {
        "position": {
            "x": -0.5321238109619365,
            "y": 0.23672656506526676
        }
    },
    "12": {
        "position": {
            "x": -0.6122631257654484,
            "y": 0.27517006675813593
        }
    },
    "13": {
        "position": {
            "x": -0.6977739597272247,
            "y": 0.3174048547100045
        }
    },
    "14": {
        "position": {
            "x": -0.7834609125503398,
            "y": 0.3674321770659688
        }
    },
    "15": {
        "position": {
            "x": -0.861285101769037,
            "y": 0.4196961795178563
        }
    },
    "16": {
        "position": {
            "x": -0.9292964815929833,
            "y": 0.4783431188365552
        }
    },
    "17": {
        "position": {
            "x": -0.9817547240686343,
            "y": 0.5427376368313843
        }
    },
    "18": {
        "position": {
            "x": -1.0166295470488407,
            "y": 0.6020626076135144
        }
    },
    "19": {
        "position": {
            "x": -1.0423728791232751,
            "y": 0.6527507102878622
        }
    },
    "20": {
        "position": {
            "x": -1.066978664226696,
            "y": 0.7059709411831122
        }
    },
    "21": {
        "position": {
            "x": -1.08479175676215,
            "y": 0.7467359013949245
        }
    },
    "22": {
        "position": {
            "x": -1.0989767060000015,
            "y": 0.7823402317999975
        }
    },
    "23": {
        "position": {
            "x": -1.1098045835184551,
            "y": 0.8117305167648248
        }
    },
    "24": {
        "position": {
            "x": -1.1182629295517303,
            "y": 0.8363428931272225
        }
    },
    "25": {
        "position": {
            "x": -1.1259053914206745,
            "y": 0.860154170466021
        }
    },
    "26": {
        "position": {
            "x": -1.1319481118798118,
            "y": 0.8797638724113133
        }
    },
    "27": {
        "position": {
            "x": -1.1385964607430994,
            "y": 0.8964565092842386
        }
    },
    "28": {
        "position": {
            "x": -1.1442444447181903,
            "y": 0.910811706337306
        }
    },
    "29": {
        "position": {
            "x": -1.1489286874258515,
            "y": 0.9232907029365276
        }
    },
    "30": {
        "position": {
            "x": -1.1523859779917782,
            "y": 0.9330443218118519
        }
    },
    "31": {
        "position": {
            "x": -1.1546463267512372,
            "y": 0.9397271739984453
        }
    },
    "32": {
        "position": {
            "x": -1.1573791911586,
            "y": 0.9482002194453214
        }
    },
    "33": {
        "position": {
            "x": -1.159569618557497,
            "y": 0.9552048652742057
        }
    },
    "34": {
        "position": {
            "x": -1.1615579541917056,
            "y": 0.9619081555168941
        }
    },
    "35": {
        "position": {
            "x": -1.163027709873328,
            "y": 0.9671154970304439
        }
    },
    "36": {
        "position": {
            "x": -1.1642296170607955,
            "y": 0.9716321871785314
        }
    },
    "37": {
        "position": {
            "x": -1.1653221648850414,
            "y": 0.9757769024375897
        }
    },
    "38": {
        "position": {
            "x": -1.166124745997866,
            "y": 0.9790098843130628
        }
    },
    "39": {
        "position": {
            "x": -1.166868953932281,
            "y": 0.9821291368432257
        }
    },
    "40": {
        "position": {
            "x": -1.1674564165766634,
            "y": 0.9846864840477031
        }
    },
    "41": {
        "position": {
            "x": -1.1679729249311503,
            "y": 0.9870207050863719
        }
    },
    "42": {
        "position": {
            "x": -1.1683830296185012,
            "y": 0.9889458074321661
        }
    },
    "goal_reached": "True",
    "driven_distance": 1.4513473225138793
}